operator_id,operator_name,operator_kind,kernel_name,plugin_operator_id,flagos_covered,flagos_category,evidence
1,"[""aten::_index_put_impl_""]","[""aten""]","[""void at::native::index_elementwise_kernel<128, 4, at::native::gpu_index_kernel<at::native::index_put_kernel_impl<at::native::OpaqueType<4> >(at::TensorIterator&, c10::ArrayRef<long>, c10::ArrayRef<long>)::{lambda(char*, char const*, long)#1}>(at::TensorIteratorBase&, c10::ArrayRef<long>, c10::ArrayRef<long>, at::native::index_put_kernel_impl<at::native::OpaqueType<4> >(at::TensorIterator&, c10::ArrayRef<long>, c10::ArrayRef<long>)::{lambda(char*, char const*, long)#1} const&, bool)::{lambda(int)#1}>(long, at::native::gpu_index_kernel<at::native::index_put_kernel_impl<at::native::OpaqueType<4> >(at::TensorIterator&, c10::ArrayRef<long>, c10::ArrayRef<long>)::{lambda(char*, char const*, long)#1}>(at::TensorIteratorBase&, c10::ArrayRef<long>, c10::ArrayRef<long>, at::native::index_put_kernel_impl<at::native::OpaqueType<4> >(at::TensorIterator&, c10::ArrayRef<long>, c10::ArrayRef<long>)::{lambda(char*, char const*, long)#1} const&, bool)::{lambda(int)#1})""]",[1],no,none,no auditable FlagOS evidence
2,"[""aten::add""]","[""aten""]","[""void at::native::vectorized_elementwise_kernel<2, at::native::CUDAFunctor_add<long>, std::array<char*, 3ul> >(int, at::native::CUDAFunctor_add<long>, std::array<char*, 3ul>)"",""void at::native::vectorized_elementwise_kernel<4, at::native::CUDAFunctor_add<int>, std::array<char*, 3ul> >(int, at::native::CUDAFunctor_add<int>, std::array<char*, 3ul>)""]",[2],yes,flaggems,flaggems_enable_oplist and non-native plugin kernel: aten::add
3,"[""aten::argmax""]","[""aten""]","[""void at::native::reduce_kernel<512, 1, at::native::ReduceOp<float, at::native::ArgMaxOps<float>, unsigned int, long, 4, 4> >(at::native::ReduceOp<float, at::native::ArgMaxOps<float>, unsigned int, long, 4, 4>)""]",[3],yes,flaggems,flaggems_enable_oplist and non-native plugin kernel: aten::argmax
4,"[""aten::bitwise_not""]","[""aten""]","[""void at::native::unrolled_elementwise_kernel<at::native::bitwise_not_kernel_cuda(at::TensorIteratorBase&)::{lambda(bool)#1}, std::array<char*, 2ul>, 4, TrivialOffsetCalculator<1, unsigned int>, TrivialOffsetCalculator<1, unsigned int>, at::native::memory::LoadWithoutCast, at::native::memory::StoreWithoutCast>(int, at::native::bitwise_not_kernel_cuda(at::TensorIteratorBase&)::{lambda(bool)#1}, std::array<char*, 2ul>, TrivialOffsetCalculator<1, unsigned int>, TrivialOffsetCalculator<1, unsigned int>, at::native::memory::LoadWithoutCast, at::native::memory::StoreWithoutCast)"",""void at::native::vectorized_elementwise_kernel<2, at::native::bitwise_not_kernel_cuda(at::TensorIteratorBase&)::{lambda(bool)#1}, std::array<char*, 2ul> >(int, at::native::bitwise_not_kernel_cuda(at::TensorIteratorBase&)::{lambda(bool)#1}, std::array<char*, 2ul>)"",""void at::native::vectorized_elementwise_kernel<4, at::native::bitwise_not_kernel_cuda(at::TensorIteratorBase&)::{lambda(bool)#1}, std::array<char*, 2ul> >(int, at::native::bitwise_not_kernel_cuda(at::TensorIteratorBase&)::{lambda(bool)#1}, std::array<char*, 2ul>)""]",[4],yes,flaggems,flaggems_enable_oplist and non-native plugin kernel: aten::bitwise_not
5,"[""aten::cat""]","[""aten""]","[""void at::native::(anonymous namespace)::CatArrayBatchedCopy_vectorized<at::native::(anonymous namespace)::OpaqueType<2u>, unsigned int, 1, 128, 1, 16, 8>(char*, at::native::(anonymous namespace)::CatArrInputTensorMetadata<at::native::(anonymous namespace)::OpaqueType<2u>, unsigned int, 128, 1>, at::native::(anonymous namespace)::TensorSizeStride<unsigned int, 4u>, int, unsigned int)"",""void at::native::(anonymous namespace)::CatArrayBatchedCopy_vectorized<at::native::(anonymous namespace)::OpaqueType<2u>, unsigned int, 2, 128, 1, 16, 8>(char*, at::native::(anonymous namespace)::CatArrInputTensorMetadata<at::native::(anonymous namespace)::OpaqueType<2u>, unsigned int, 128, 1>, at::native::(anonymous namespace)::TensorSizeStride<unsigned int, 4u>, int, unsigned int)""]",[5],no,none,no auditable FlagOS evidence
6,"[""aten::copy_""]","[""aten""]","[""void at::native::elementwise_kernel<128, 2, at::native::gpu_kernel_impl_nocast<at::native::direct_copy_kernel_cuda(at::TensorIteratorBase&)::{lambda()#3}::operator()() const::{lambda()#4}::operator()() const::{lambda(long)#1}>(at::TensorIteratorBase&, at::native::direct_copy_kernel_cuda(at::TensorIteratorBase&)::{lambda()#3}::operator()() const::{lambda()#4}::operator()() const::{lambda(long)#1} const&)::{lambda(int)#1}>(int, at::native::gpu_kernel_impl_nocast<at::native::direct_copy_kernel_cuda(at::TensorIteratorBase&)::{lambda()#3}::operator()() const::{lambda()#4}::operator()() const::{lambda(long)#1}>(at::TensorIteratorBase&, at::native::direct_copy_kernel_cuda(at::TensorIteratorBase&)::{lambda()#3}::operator()() const::{lambda()#4}::operator()() const::{lambda(long)#1} const&)::{lambda(int)#1})"",""void at::native::elementwise_kernel<128, 4, at::native::gpu_kernel_impl_nocast<at::native::direct_copy_kernel_cuda(at::TensorIteratorBase&)::{lambda()#3}::operator()() const::{lambda()#12}::operator()() const::{lambda(c10::BFloat16)#1}>(at::TensorIteratorBase&, at::native::direct_copy_kernel_cuda(at::TensorIteratorBase&)::{lambda()#3}::operator()() const::{lambda()#12}::operator()() const::{lambda(c10::BFloat16)#1} const&)::{lambda(int)#1}>(int, at::native::gpu_kernel_impl_nocast<at::native::direct_copy_kernel_cuda(at::TensorIteratorBase&)::{lambda()#3}::operator()() const::{lambda()#12}::operator()() const::{lambda(c10::BFloat16)#1}>(at::TensorIteratorBase&, at::native::direct_copy_kernel_cuda(at::TensorIteratorBase&)::{lambda()#3}::operator()() const::{lambda()#12}::operator()() const::{lambda(c10::BFloat16)#1} const&)::{lambda(int)#1})"",""void at::native::unrolled_elementwise_kernel<at::native::direct_copy_kernel_cuda(at::TensorIteratorBase&)::{lambda()#3}::operator()() const::{lambda()#3}::operator()() const::{lambda(int)#1}, std::array<char*, 2ul>, 4, TrivialOffsetCalculator<1, unsigned int>, TrivialOffsetCalculator<1, unsigned int>, at::native::memory::LoadWithCast<1>, at::native::memory::StoreWithCast<1> >(int, at::native::direct_copy_kernel_cuda(at::TensorIteratorBase&)::{lambda()#3}::operator()() const::{lambda()#3}::operator()() const::{lambda(int)#1}, std::array<char*, 2ul>, TrivialOffsetCalculator<1, unsigned int>, TrivialOffsetCalculator<1, unsigned int>, at::native::memory::LoadWithCast<1>, at::native::memory::StoreWithCast<1>)"",""void at::native::unrolled_elementwise_kernel<at::native::direct_copy_kernel_cuda(at::TensorIteratorBase&)::{lambda()#3}::operator()() const::{lambda()#4}::operator()() const::{lambda(long)#1}, std::array<char*, 2ul>, 4, TrivialOffsetCalculator<1, unsigned int>, TrivialOffsetCalculator<1, unsigned int>, at::native::memory::LoadWithCast<1>, at::native::memory::StoreWithCast<1> >(int, at::native::direct_copy_kernel_cuda(at::TensorIteratorBase&)::{lambda()#3}::operator()() const::{lambda()#4}::operator()() const::{lambda(long)#1}, std::array<char*, 2ul>, TrivialOffsetCalculator<1, unsigned int>, TrivialOffsetCalculator<1, unsigned int>, at::native::memory::LoadWithCast<1>, at::native::memory::StoreWithCast<1>)"",""void at::native::unrolled_elementwise_kernel<at::native::direct_copy_kernel_cuda(at::TensorIteratorBase&)::{lambda()#3}::operator()() const::{lambda()#7}::operator()() const::{lambda(float)#1}, std::array<char*, 2ul>, 4, TrivialOffsetCalculator<1, unsigned int>, TrivialOffsetCalculator<1, unsigned int>, at::native::memory::LoadWithCast<1>, at::native::memory::StoreWithCast<1> >(int, at::native::direct_copy_kernel_cuda(at::TensorIteratorBase&)::{lambda()#3}::operator()() const::{lambda()#7}::operator()() const::{lambda(float)#1}, std::array<char*, 2ul>, TrivialOffsetCalculator<1, unsigned int>, TrivialOffsetCalculator<1, unsigned int>, at::native::memory::LoadWithCast<1>, at::native::memory::StoreWithCast<1>)""]",[6],no,none,no auditable FlagOS evidence
7,"[""aten::exp""]","[""aten""]","[""void at::native::vectorized_elementwise_kernel<4, at::native::exp_kernel_cuda(at::TensorIteratorBase&)::{lambda()#2}::operator()() const::{lambda()#2}::operator()() const::{lambda(float)#1}, std::array<char*, 2ul> >(int, at::native::exp_kernel_cuda(at::TensorIteratorBase&)::{lambda()#2}::operator()() const::{lambda()#2}::operator()() const::{lambda(float)#1}, std::array<char*, 2ul>)""]",[8],yes,flaggems,flaggems_enable_oplist and non-native plugin kernel: aten::exp
8,"[""aten::fill_""]","[""aten""]","[""void at::native::unrolled_elementwise_kernel<at::native::FillFunctor<int>, std::array<char*, 1ul>, 4, TrivialOffsetCalculator<0, unsigned int>, TrivialOffsetCalculator<1, unsigned int>, at::native::memory::LoadWithoutCast, at::native::memory::StoreWithoutCast>(int, at::native::FillFunctor<int>, std::array<char*, 1ul>, TrivialOffsetCalculator<0, unsigned int>, TrivialOffsetCalculator<1, unsigned int>, at::native::memory::LoadWithoutCast, at::native::memory::StoreWithoutCast)"",""void at::native::unrolled_elementwise_kernel<at::native::FillFunctor<long>, std::array<char*, 1ul>, 4, TrivialOffsetCalculator<0, unsigned int>, TrivialOffsetCalculator<1, unsigned int>, at::native::memory::LoadWithoutCast, at::native::memory::StoreWithoutCast>(int, at::native::FillFunctor<long>, std::array<char*, 1ul>, TrivialOffsetCalculator<0, unsigned int>, TrivialOffsetCalculator<1, unsigned int>, at::native::memory::LoadWithoutCast, at::native::memory::StoreWithoutCast)"",""void at::native::vectorized_elementwise_kernel<2, at::native::FillFunctor<int>, std::array<char*, 1ul> >(int, at::native::FillFunctor<int>, std::array<char*, 1ul>)"",""void at::native::vectorized_elementwise_kernel<2, at::native::FillFunctor<long>, std::array<char*, 1ul> >(int, at::native::FillFunctor<long>, std::array<char*, 1ul>)"",""void at::native::vectorized_elementwise_kernel<4, at::native::FillFunctor<int>, std::array<char*, 1ul> >(int, at::native::FillFunctor<int>, std::array<char*, 1ul>)""]",[9],yes,flaggems,known FlagGems kernel implementation: aten::fill_
9,"[""aten::gather""]","[""aten""]","[""void at::native::vectorized_gather_kernel<16, long>(char*, char*, long*, int, long, long, long, long, bool)""]",[],no,none,no auditable FlagOS evidence
10,"[""aten::gt""]","[""aten""]","[""void at::native::vectorized_elementwise_kernel<4, at::native::compare_scalar_kernel<int>(at::TensorIteratorBase&, at::native::(anonymous namespace)::OpType, int)::{lambda(int)#1}, std::array<char*, 2ul> >(int, at::native::compare_scalar_kernel<int>(at::TensorIteratorBase&, at::native::(anonymous namespace)::OpType, int)::{lambda(int)#1}, std::array<char*, 2ul>)""]",[11],yes,flaggems,flaggems_enable_oplist and non-native plugin kernel: aten::gt
11,"[""aten::index""]","[""aten""]","[""void at::native::index_elementwise_kernel<128, 4, at::native::gpu_index_kernel<at::native::index_kernel_impl<at::native::OpaqueType<2> >(at::TensorIteratorBase&, c10::ArrayRef<long>, c10::ArrayRef<long>)::{lambda(char*, char const*, long)#1}>(at::TensorIteratorBase&, c10::ArrayRef<long>, c10::ArrayRef<long>, at::native::index_kernel_impl<at::native::OpaqueType<2> >(at::TensorIteratorBase&, c10::ArrayRef<long>, c10::ArrayRef<long>)::{lambda(char*, char const*, long)#1} const&, bool)::{lambda(int)#1}>(long, at::native::gpu_index_kernel<at::native::index_kernel_impl<at::native::OpaqueType<2> >(at::TensorIteratorBase&, c10::ArrayRef<long>, c10::ArrayRef<long>)::{lambda(char*, char const*, long)#1}>(at::TensorIteratorBase&, c10::ArrayRef<long>, c10::ArrayRef<long>, at::native::index_kernel_impl<at::native::OpaqueType<2> >(at::TensorIteratorBase&, c10::ArrayRef<long>, c10::ArrayRef<long>)::{lambda(char*, char const*, long)#1} const&, bool)::{lambda(int)#1})"",""void at::native::index_elementwise_kernel<128, 4, at::native::gpu_index_kernel<at::native::index_kernel_impl<at::native::OpaqueType<4> >(at::TensorIteratorBase&, c10::ArrayRef<long>, c10::ArrayRef<long>)::{lambda(char*, char const*, long)#1}>(at::TensorIteratorBase&, c10::ArrayRef<long>, c10::ArrayRef<long>, at::native::index_kernel_impl<at::native::OpaqueType<4> >(at::TensorIteratorBase&, c10::ArrayRef<long>, c10::ArrayRef<long>)::{lambda(char*, char const*, long)#1} const&, bool)::{lambda(int)#1}>(long, at::native::gpu_index_kernel<at::native::index_kernel_impl<at::native::OpaqueType<4> >(at::TensorIteratorBase&, c10::ArrayRef<long>, c10::ArrayRef<long>)::{lambda(char*, char const*, long)#1}>(at::TensorIteratorBase&, c10::ArrayRef<long>, c10::ArrayRef<long>, at::native::index_kernel_impl<at::native::OpaqueType<4> >(at::TensorIteratorBase&, c10::ArrayRef<long>, c10::ArrayRef<long>)::{lambda(char*, char const*, long)#1} const&, bool)::{lambda(int)#1})"",""void at::native::vectorized_gather_kernel<16, long>(char*, char*, long*, int, long, long, long, long, bool)""]",[12],no,none,no auditable FlagOS evidence
12,"[""aten::index_select""]","[""aten""]","[""void at::native::(anonymous namespace)::indexSelectSmallIndex<c10::BFloat16, long, unsigned int, 2, 2, -2>(at::cuda::detail::TensorInfo<c10::BFloat16, unsigned int>, at::cuda::detail::TensorInfo<c10::BFloat16 const, unsigned int>, at::cuda::detail::TensorInfo<long const, unsigned int>, int, int, unsigned int, long)""]",[],no,none,no auditable FlagOS evidence
13,"[""aten::masked_fill_""]","[""aten""]","[""void at::native::elementwise_kernel<128, 2, at::native::gpu_kernel_impl_nocast<at::native::(anonymous namespace)::masked_fill_kernel(at::TensorIterator&, c10::Scalar const&)::{lambda()#1}::operator()() const::{lambda()#7}::operator()() const::{lambda(float, bool)#1}>(at::TensorIteratorBase&, at::native::(anonymous namespace)::masked_fill_kernel(at::TensorIterator&, c10::Scalar const&)::{lambda()#1}::operator()() const::{lambda()#7}::operator()() const::{lambda(float, bool)#1} const&)::{lambda(int)#1}>(int, at::native::gpu_kernel_impl_nocast<at::native::(anonymous namespace)::masked_fill_kernel(at::TensorIterator&, c10::Scalar const&)::{lambda()#1}::operator()() const::{lambda()#7}::operator()() const::{lambda(float, bool)#1}>(at::TensorIteratorBase&, at::native::(anonymous namespace)::masked_fill_kernel(at::TensorIterator&, c10::Scalar const&)::{lambda()#1}::operator()() const::{lambda()#7}::operator()() const::{lambda(float, bool)#1} const&)::{lambda(int)#1})"",""void at::native::elementwise_kernel<128, 4, at::native::gpu_kernel_impl_nocast<at::native::(anonymous namespace)::masked_fill_kernel(at::TensorIterator&, c10::Scalar const&)::{lambda()#1}::operator()() const::{lambda()#12}::operator()() const::{lambda(c10::BFloat16, bool)#1}>(at::TensorIteratorBase&, at::native::(anonymous namespace)::masked_fill_kernel(at::TensorIterator&, c10::Scalar const&)::{lambda()#1}::operator()() const::{lambda()#12}::operator()() const::{lambda(c10::BFloat16, bool)#1} const&)::{lambda(int)#1}>(int, at::native::gpu_kernel_impl_nocast<at::native::(anonymous namespace)::masked_fill_kernel(at::TensorIterator&, c10::Scalar const&)::{lambda()#1}::operator()() const::{lambda()#12}::operator()() const::{lambda(c10::BFloat16, bool)#1}>(at::TensorIteratorBase&, at::native::(anonymous namespace)::masked_fill_kernel(at::TensorIterator&, c10::Scalar const&)::{lambda()#1}::operator()() const::{lambda()#12}::operator()() const::{lambda(c10::BFloat16, bool)#1} const&)::{lambda(int)#1})""]",[13],yes,flaggems,known FlagGems kernel implementation: aten::masked_fill_
14,"[""aten::mm""]","[""aten""]","[""nvjet_tst_128x128_64x6_2x1_v_bz_TNT"",""nvjet_tst_128x208_64x5_4x2_h_bz_coopA_TNT"",""nvjet_tst_128x64_64x8_1x2_h_bz_TNT"",""nvjet_tst_16x64_64x16_2x1_v_bz_TNN"",""nvjet_tst_192x192_64x4_1x2_h_bz_coopB_TNN"",""nvjet_tst_192x192_64x4_2x1_v_bz_coopB_TNN"",""nvjet_tst_256x128_64x4_1x2_h_bz_coopA_TNT"",""nvjet_tst_256x128_64x4_2x1_v_bz_coopA_TNT"",""nvjet_tst_256x152_64x4_2x1_v_bz_coopA_TNT"",""nvjet_tst_256x16_64x6_2x1_v_bz_TNT"",""nvjet_tst_256x24_64x6_2x1_v_bz_TNT"",""nvjet_tst_256x32_64x5_2x1_v_bz_TNT"",""nvjet_tst_256x40_64x5_2x1_v_bz_TNT"",""nvjet_tst_256x48_64x5_2x1_v_bz_TNT"",""nvjet_tst_256x56_64x5_2x1_v_bz_TNT"",""nvjet_tst_256x72_64x5_1x2_h_bz_TNT"",""nvjet_tst_256x8_64x6_2x1_v_bz_TNT"",""nvjet_tst_256x96_64x4_2x1_v_bz_coopA_TNT"",""nvjet_tst_320x64_64x4_2x1_v_bz_TNT"",""nvjet_tst_32x64_64x16_1x2_h_bz_TNN"",""nvjet_tst_64x128_64x8_2x1_v_bz_TNN"",""nvjet_tst_64x48_64x15_2x4_h_bz_TNT"",""nvjet_tst_64x8_64x16_2x1_v_bz_TNT"",""nvjet_tst_64x8_64x16_4x1_v_bz_TNT"",""nvjet_tst_64x96_64x10_4x2_h_bz_TNT"",""nvjet_tst_8x64_64x16_4x2_h_bz_TNN"",""std::enable_if<!(false), void>::type internal::gemvx::kernel<int, int, __nv_bfloat16, __nv_bfloat16, __nv_bfloat16, float, false, true, true, false, 7, false, cublasGemvParamsEx<int, cublasGemvTensorStridedBatched<__nv_bfloat16 const>, cublasGemvTensorStridedBatched<__nv_bfloat16 const>, cublasGemvTensorStridedBatched<__nv_bfloat16>, float> >(cublasGemvParamsEx<int, cublasGemvTensorStridedBatched<__nv_bfloat16 const>, cublasGemvTensorStridedBatched<__nv_bfloat16 const>, cublasGemvTensorStridedBatched<__nv_bfloat16>, float>)"",""void gemv2T_kernel_val<int, int, __nv_bfloat16, __nv_bfloat16, __nv_bfloat16, float, 128, 16, 4, 4, false, false, cublasGemvParamsEx<int, cublasGemvTensorStridedBatched<__nv_bfloat16 const>, cublasGemvTensorStridedBatched<__nv_bfloat16 const>, cublasGemvTensorStridedBatched<__nv_bfloat16>, float> >(cublasGemvParamsEx<int, cublasGemvTensorStridedBatched<__nv_bfloat16 const>, cublasGemvTensorStridedBatched<__nv_bfloat16 const>, cublasGemvTensorStridedBatched<__nv_bfloat16>, float>, float, float)""]",[14],yes,flaggems,known FlagGems kernel implementation: aten::mm
15,"[""aten::mul""]","[""aten""]","[""void at::native::elementwise_kernel<128, 4, at::native::gpu_kernel_impl_nocast<at::native::BinaryFunctor<c10::BFloat16, c10::BFloat16, c10::BFloat16, at::native::binary_internal::MulFunctor<float> > >(at::TensorIteratorBase&, at::native::BinaryFunctor<c10::BFloat16, c10::BFloat16, c10::BFloat16, at::native::binary_internal::MulFunctor<float> > const&)::{lambda(int)#1}>(int, at::native::gpu_kernel_impl_nocast<at::native::BinaryFunctor<c10::BFloat16, c10::BFloat16, c10::BFloat16, at::native::binary_internal::MulFunctor<float> > >(at::TensorIteratorBase&, at::native::BinaryFunctor<c10::BFloat16, c10::BFloat16, c10::BFloat16, at::native::binary_internal::MulFunctor<float> > const&)::{lambda(int)#1})""]",[15],yes,flaggems,flaggems_enable_oplist and non-native plugin kernel: aten::mul
16,"[""aten::scatter_""]","[""aten""]","[""void at::native::_scatter_gather_elementwise_kernel<128, 8, at::native::_cuda_scatter_gather_internal_kernel<true, at::native::OpaqueType<4>, long>::operator()<at::native::TensorAssign>(at::TensorIterator&, long, long, long, at::native::TensorAssign const&)::{lambda(int)#1}>(int, at::native::_cuda_scatter_gather_internal_kernel<true, at::native::OpaqueType<4>, long>::operator()<at::native::TensorAssign>(at::TensorIterator&, long, long, long, at::native::TensorAssign const&)::{lambda(int)#1})""]",[16],no,none,no auditable FlagOS evidence
17,"[""aten::sigmoid""]","[""aten""]","[""void at::native::vectorized_elementwise_kernel<8, at::native::sigmoid_kernel_cuda(at::TensorIteratorBase&)::{lambda()#2}::operator()() const::{lambda()#4}::operator()() const::{lambda(c10::BFloat16)#1}, std::array<char*, 2ul> >(int, at::native::sigmoid_kernel_cuda(at::TensorIteratorBase&)::{lambda()#2}::operator()() const::{lambda()#4}::operator()() const::{lambda(c10::BFloat16)#1}, std::array<char*, 2ul>)""]",[17],yes,flaggems,flaggems_enable_oplist and non-native plugin kernel: aten::sigmoid
18,"[""aten::sub""]","[""aten""]","[""void at::native::unrolled_elementwise_kernel<at::native::CUDAFunctorOnSelf_add<int>, std::array<char*, 2ul>, 4, TrivialOffsetCalculator<1, unsigned int>, TrivialOffsetCalculator<1, unsigned int>, at::native::memory::LoadWithoutCast, at::native::memory::StoreWithoutCast>(int, at::native::CUDAFunctorOnSelf_add<int>, std::array<char*, 2ul>, TrivialOffsetCalculator<1, unsigned int>, TrivialOffsetCalculator<1, unsigned int>, at::native::memory::LoadWithoutCast, at::native::memory::StoreWithoutCast)"",""void at::native::unrolled_elementwise_kernel<at::native::CUDAFunctor_add<int>, std::array<char*, 3ul>, 4, TrivialOffsetCalculator<2, unsigned int>, TrivialOffsetCalculator<1, unsigned int>, at::native::memory::LoadWithoutCast, at::native::memory::StoreWithoutCast>(int, at::native::CUDAFunctor_add<int>, std::array<char*, 3ul>, TrivialOffsetCalculator<2, unsigned int>, TrivialOffsetCalculator<1, unsigned int>, at::native::memory::LoadWithoutCast, at::native::memory::StoreWithoutCast)"",""void at::native::vectorized_elementwise_kernel<2, at::native::CUDAFunctorOnSelf_add<int>, std::array<char*, 2ul> >(int, at::native::CUDAFunctorOnSelf_add<int>, std::array<char*, 2ul>)"",""void at::native::vectorized_elementwise_kernel<4, at::native::CUDAFunctor_add<int>, std::array<char*, 3ul> >(int, at::native::CUDAFunctor_add<int>, std::array<char*, 3ul>)""]",[18],yes,flaggems,flaggems_enable_oplist and non-native plugin kernel: aten::sub
19,"[""aten::sum""]","[""aten""]","[""void at::native::reduce_kernel<128, 4, at::native::ReduceOp<c10::BFloat16, at::native::func_wrapper_t<c10::BFloat16, at::native::sum_functor<c10::BFloat16, float, c10::BFloat16>::operator()(at::TensorIterator&)::{lambda(float, float)#1}>, unsigned int, c10::BFloat16, 4, 8> >(at::native::ReduceOp<c10::BFloat16, at::native::func_wrapper_t<c10::BFloat16, at::native::sum_functor<c10::BFloat16, float, c10::BFloat16>::operator()(at::TensorIterator&)::{lambda(float, float)#1}>, unsigned int, c10::BFloat16, 4, 8>)""]",[],no,none,no auditable FlagOS evidence
20,"[""null"",""triton_per_fused_1""]","[""triton_compiled""]","[""triton_per_fused_1""]","[21, 22, 23, 24, 25, 26, 30, 31, 32, 33, 34, 35, 36, 37, 38, 39, 41, 42, 43, 45, 46, 48, 49, 51, 52, 53, 54, 55, 56, 57, 58, 59, 60, 61, 62, 65]",yes,triton,policy: all observed Triton operators count as FlagOS coverage
21,"[""null"",""triton_poi_fused_0""]","[""triton_compiled""]","[""triton_poi_fused_0""]","[21, 22, 23, 24, 25, 26, 30, 31, 32, 33, 34, 35, 36, 37, 38, 39, 41, 42, 43, 45, 46, 48, 49, 51, 52, 53, 54, 55, 56, 57, 58, 59, 60, 61, 62, 65]",yes,triton,policy: all observed Triton operators count as FlagOS coverage
22,"[""null"",""triton_poi_fused_2""]","[""triton_compiled""]","[""triton_poi_fused_2""]","[21, 22, 23, 24, 25, 26, 30, 31, 32, 33, 34, 35, 36, 37, 38, 39, 41, 42, 43, 45, 46, 48, 49, 51, 52, 53, 54, 55, 56, 57, 58, 59, 60, 61, 62, 65]",yes,triton,policy: all observed Triton operators count as FlagOS coverage
23,"[""null"",""triton_poi_fused_3""]","[""triton_compiled""]","[""triton_poi_fused_3""]","[21, 22, 23, 24, 25, 26, 30, 31, 32, 33, 34, 35, 36, 37, 38, 39, 41, 42, 43, 45, 46, 48, 49, 51, 52, 53, 54, 55, 56, 57, 58, 59, 60, 61, 62, 65]",yes,triton,policy: all observed Triton operators count as FlagOS coverage
24,"[""null"",""triton_poi_fused_5""]","[""triton_compiled""]","[""triton_poi_fused_5""]","[21, 22, 23, 24, 25, 26, 30, 31, 32, 33, 34, 35, 36, 37, 38, 39, 41, 42, 43, 45, 46, 48, 49, 51, 52, 53, 54, 55, 56, 57, 58, 59, 60, 61, 62, 65]",yes,triton,policy: all observed Triton operators count as FlagOS coverage
25,"[""null"",""triton_poi_fused_7""]","[""triton_compiled""]","[""triton_poi_fused_7""]","[21, 22, 23, 24, 25, 26, 30, 31, 32, 33, 34, 35, 36, 37, 38, 39, 41, 42, 43, 45, 46, 48, 49, 51, 52, 53, 54, 55, 56, 57, 58, 59, 60, 61, 62, 65]",yes,triton,policy: all observed Triton operators count as FlagOS coverage
26,"[""null"",""triton_poi_fused__to_copy__unsafe_view_add_clone_mean_mm_mul_pow_rsqrt_silu_t_view_2""]","[""triton_compiled""]","[""triton_poi_fused__to_copy__unsafe_view_add_clone_mean_mm_mul_pow_rsqrt_silu_t_view_2""]","[21, 22, 23, 24, 25, 26, 30, 31, 32, 33, 34, 35, 36, 37, 38, 39, 41, 42, 43, 45, 46, 48, 49, 51, 52, 53, 54, 55, 56, 57, 58, 59, 60, 61, 62, 65]",yes,triton,policy: all observed Triton operators count as FlagOS coverage
27,"[""null"",""triton_poi_fused_add_2""]","[""triton_compiled""]","[""triton_poi_fused_add_2""]","[21, 22, 23, 24, 25, 26, 30, 31, 32, 33, 34, 35, 36, 37, 38, 39, 41, 42, 43, 45, 46, 48, 49, 51, 52, 53, 54, 55, 56, 57, 58, 59, 60, 61, 62, 65]",yes,triton,policy: all observed Triton operators count as FlagOS coverage
28,"[""null"",""triton_poi_fused_add_4""]","[""triton_compiled""]","[""triton_poi_fused_add_4""]","[21, 22, 23, 24, 25, 26, 30, 31, 32, 33, 34, 35, 36, 37, 38, 39, 41, 42, 43, 45, 46, 48, 49, 51, 52, 53, 54, 55, 56, 57, 58, 59, 60, 61, 62, 65]",yes,triton,policy: all observed Triton operators count as FlagOS coverage
29,"[""triton_poi_fused_add_bitwise_and_bitwise_not_bitwise_or_ge_lt_mul_sub_0""]","[""triton_compiled""]","[""triton_poi_fused_add_bitwise_and_bitwise_not_bitwise_or_ge_lt_mul_sub_0""]",[],yes,triton,policy: all observed Triton operators count as FlagOS coverage
30,"[""triton_poi_fused_add_bitwise_and_bitwise_or_ge_lt_mul_sub_0""]","[""triton_compiled""]","[""triton_poi_fused_add_bitwise_and_bitwise_or_ge_lt_mul_sub_0""]",[],yes,triton,policy: all observed Triton operators count as FlagOS coverage
31,"[""triton_poi_fused_bitwise_and_bitwise_not_bitwise_or_ge_lt_1""]","[""triton_compiled""]","[""triton_poi_fused_bitwise_and_bitwise_not_bitwise_or_ge_lt_1""]",[],yes,triton,policy: all observed Triton operators count as FlagOS coverage
32,"[""null"",""triton_poi_fused_mul_sigmoid_view_0""]","[""triton_compiled""]","[""triton_poi_fused_mul_sigmoid_view_0""]","[21, 22, 23, 24, 25, 26, 30, 31, 32, 33, 34, 35, 36, 37, 38, 39, 41, 42, 43, 45, 46, 48, 49, 51, 52, 53, 54, 55, 56, 57, 58, 59, 60, 61, 62, 65]",yes,triton,policy: all observed Triton operators count as FlagOS coverage
33,"[""null"",""triton_poi_fused_mul_silu_slice_0""]","[""triton_compiled""]","[""triton_poi_fused_mul_silu_slice_0""]","[21, 22, 23, 24, 25, 26, 30, 31, 32, 33, 34, 35, 36, 37, 38, 39, 41, 42, 43, 45, 46, 48, 49, 51, 52, 53, 54, 55, 56, 57, 58, 59, 60, 61, 62, 65]",yes,triton,policy: all observed Triton operators count as FlagOS coverage
34,"[""null"",""triton_red_fused_1""]","[""triton_compiled""]","[""triton_red_fused_1""]","[21, 22, 23, 24, 25, 26, 30, 31, 32, 33, 34, 35, 36, 37, 38, 39, 41, 42, 43, 45, 46, 48, 49, 51, 52, 53, 54, 55, 56, 57, 58, 59, 60, 61, 62, 65]",yes,triton,policy: all observed Triton operators count as FlagOS coverage
35,"[""null"",""triton_red_fused_6""]","[""triton_compiled""]","[""triton_red_fused_6""]","[21, 22, 23, 24, 25, 26, 30, 31, 32, 33, 34, 35, 36, 37, 38, 39, 41, 42, 43, 45, 46, 48, 49, 51, 52, 53, 54, 55, 56, 57, 58, 59, 60, 61, 62, 65]",yes,triton,policy: all observed Triton operators count as FlagOS coverage
36,"[""null"",""triton_red_fused__to_copy_add_copy__fused_add_rms_norm_moe_forward_shared_1""]","[""triton_compiled""]","[""triton_red_fused__to_copy_add_copy__fused_add_rms_norm_moe_forward_shared_1""]","[21, 22, 23, 24, 25, 26, 30, 31, 32, 33, 34, 35, 36, 37, 38, 39, 41, 42, 43, 45, 46, 48, 49, 51, 52, 53, 54, 55, 56, 57, 58, 59, 60, 61, 62, 65]",yes,triton,policy: all observed Triton operators count as FlagOS coverage
37,"[""null"",""triton_red_fused__to_copy_add_copy__fused_add_rms_norm_moe_forward_shared_3""]","[""triton_compiled""]","[""triton_red_fused__to_copy_add_copy__fused_add_rms_norm_moe_forward_shared_3""]","[21, 22, 23, 24, 25, 26, 30, 31, 32, 33, 34, 35, 36, 37, 38, 39, 41, 42, 43, 45, 46, 48, 49, 51, 52, 53, 54, 55, 56, 57, 58, 59, 60, 61, 62, 65]",yes,triton,policy: all observed Triton operators count as FlagOS coverage
38,"[""null"",""vllm::flashinfer_trtllm_fused_allreduce_norm""]","[""fused_communication_compute""]","[""void flashinfer::trtllm_allreduce_fusion::allreduce_fusion_kernel_oneshot_lamport<(flashinfer::trtllm_allreduce_fusion::AllReduceFusionPattern)1, __nv_bfloat16, 2, true, true>(flashinfer::trtllm_allreduce_fusion::AllReduceFusionParams<__nv_bfloat16>)""]","[21, 22, 23, 24, 25, 26, 30, 31, 32, 33, 34, 35, 36, 37, 38, 39, 41, 42, 43, 45, 46, 48, 49, 51, 52, 53, 54, 55, 56, 57, 58, 59, 60, 61, 62, 65]",no,none,no auditable FlagOS evidence
39,"[""vllm::qwen_gdn_attention_core""]","[""custom""]","[""_causal_conv1d_fwd_kernel""]","[40, 44, 47, 50]",no,none,no auditable FlagOS evidence
40,"[""null""]","[""unattributed""]","[""_causal_conv1d_update_kernel""]","[21, 22, 23, 24, 25, 26, 30, 31, 32, 33, 34, 35, 36, 37, 38, 39, 41, 42, 43, 45, 46, 48, 49, 51, 52, 53, 54, 55, 56, 57, 58, 59, 60, 61, 62, 65]",no,none,no auditable FlagOS evidence
41,"[""null""]","[""unattributed""]","[""_compute_slot_mapping_kernel""]","[21, 22, 23, 24, 25, 26, 30, 31, 32, 33, 34, 35, 36, 37, 38, 39, 41, 42, 43, 45, 46, 48, 49, 51, 52, 53, 54, 55, 56, 57, 58, 59, 60, 61, 62, 65]",no,none,no auditable FlagOS evidence
42,"[""vllm::qwen_gdn_attention_core""]","[""custom""]","[""_fused_post_conv_kernel""]","[40, 44, 47, 50]",no,none,no auditable FlagOS evidence
43,"[""null""]","[""unattributed""]","[""_zero_kv_blocks_kernel""]","[21, 22, 23, 24, 25, 26, 30, 31, 32, 33, 34, 35, 36, 37, 38, 39, 41, 42, 43, 45, 46, 48, 49, 51, 52, 53, 54, 55, 56, 57, 58, 59, 60, 61, 62, 65]",no,none,no auditable FlagOS evidence
44,"[""null""]","[""unattributed""]","[""void at::native::elementwise_kernel<128, 4, at::native::gpu_kernel_impl_nocast<at::native::BinaryFunctor<c10::BFloat16, c10::BFloat16, c10::BFloat16, at::native::binary_internal::MulFunctor<float> > >(at::TensorIteratorBase&, at::native::BinaryFunctor<c10::BFloat16, c10::BFloat16, c10::BFloat16, at::native::binary_internal::MulFunctor<float> > const&)::{lambda(int)#1}>(int, at::native::gpu_kernel_impl_nocast<at::native::BinaryFunctor<c10::BFloat16, c10::BFloat16, c10::BFloat16, at::native::binary_internal::MulFunctor<float> > >(at::TensorIteratorBase&, at::native::BinaryFunctor<c10::BFloat16, c10::BFloat16, c10::BFloat16, at::native::binary_internal::MulFunctor<float> > const&)::{lambda(int)#1})""]","[21, 22, 23, 24, 25, 26, 30, 31, 32, 33, 34, 35, 36, 37, 38, 39, 41, 42, 43, 45, 46, 48, 49, 51, 52, 53, 54, 55, 56, 57, 58, 59, 60, 61, 62, 65]",no,none,no auditable FlagOS evidence
45,"[""null""]","[""unattributed""]","[""void at::native::reduce_kernel<128, 4, at::native::ReduceOp<c10::BFloat16, at::native::func_wrapper_t<c10::BFloat16, at::native::sum_functor<c10::BFloat16, float, c10::BFloat16>::operator()(at::TensorIterator&)::{lambda(float, float)#1}>, unsigned int, c10::BFloat16, 4, 8> >(at::native::ReduceOp<c10::BFloat16, at::native::func_wrapper_t<c10::BFloat16, at::native::sum_functor<c10::BFloat16, float, c10::BFloat16>::operator()(at::TensorIterator&)::{lambda(float, float)#1}>, unsigned int, c10::BFloat16, 4, 8>)""]","[21, 22, 23, 24, 25, 26, 30, 31, 32, 33, 34, 35, 36, 37, 38, 39, 41, 42, 43, 45, 46, 48, 49, 51, 52, 53, 54, 55, 56, 57, 58, 59, 60, 61, 62, 65]",no,none,no auditable FlagOS evidence
46,"[""null""]","[""unattributed""]","[""void at::native::vectorized_elementwise_kernel<4, at::native::FillFunctor<int>, std::array<char*, 1ul> >(int, at::native::FillFunctor<int>, std::array<char*, 1ul>)"",""void at::native::vectorized_elementwise_kernel<8, at::native::sigmoid_kernel_cuda(at::TensorIteratorBase&)::{lambda()#2}::operator()() const::{lambda()#4}::operator()() const::{lambda(c10::BFloat16)#1}, std::array<char*, 2ul> >(int, at::native::sigmoid_kernel_cuda(at::TensorIteratorBase&)::{lambda()#2}::operator()() const::{lambda()#4}::operator()() const::{lambda(c10::BFloat16)#1}, std::array<char*, 2ul>)""]","[21, 22, 23, 24, 25, 26, 30, 31, 32, 33, 34, 35, 36, 37, 38, 39, 41, 42, 43, 45, 46, 48, 49, 51, 52, 53, 54, 55, 56, 57, 58, 59, 60, 61, 62, 65]",no,none,no auditable FlagOS evidence
47,"[""_vllm_fa3_C::fwd"",""null"",""vllm::qwen_gdn_attention_core""]","[""custom"",""unattributed""]","[""void cutlass::device_kernel<flash::FlashAttnFwdCombine<cute::tuple<cute::C<8>, cute::C<128> >, 5, 256, 1, false, true, cutlass::bfloat16_t, float, cutlass::arch::Sm90> >(flash::FlashAttnFwdCombine<cute::tuple<cute::C<8>, cute::C<128> >, 5, 256, 1, false, true, cutlass::bfloat16_t, float, cutlass::arch::Sm90>::Params)"",""void cutlass::device_kernel<flash::enable_sm90_or_later<flash::FlashAttnFwdSm90<flash::CollectiveMainloopFwdSm90<2, cute::tuple<cute::C<1>, cute::C<1>, cute::C<1> >, cute::tuple<cute::C<128>, cute::C<80>, cute::C<256> >, 256, cutlass::bfloat16_t, float, cutlass::arch::Sm90, false, false, false, true, true, false, false, true, true, true, true, false, cutlass::bfloat16_t, 1>, flash::CollectiveEpilogueFwd<cute::tuple<cute::C<128>, cute::C<256>, cute::C<80> >, cute::tuple<cute::C<1>, cute::C<1>, cute::C<1> >, cutlass::bfloat16_t, cutlass::arch::Sm90, 256, true, true, true, false, 1>, flash::VarlenDynamicPersistentTileScheduler<128, 80, 256, 128, true, true, true, false, false, true> > > >(flash::enable_sm90_or_later<flash::FlashAttnFwdSm90<flash::CollectiveMainloopFwdSm90<2, cute::tuple<cute::C<1>, cute::C<1>, cute::C<1> >, cute::tuple<cute::C<128>, cute::C<80>, cute::C<256> >, 256, cutlass::bfloat16_t, float, cutlass::arch::Sm90, false, false, false, true, true, false, false, true, true, true, true, false, cutlass::bfloat16_t, 1>, flash::CollectiveEpilogueFwd<cute::tuple<cute::C<128>, cute::C<256>, cute::C<80> >, cute::tuple<cute::C<1>, cute::C<1>, cute::C<1> >, cutlass::bfloat16_t, cutlass::arch::Sm90, 256, true, true, true, false, 1>, flash::VarlenDynamicPersistentTileScheduler<128, 80, 256, 128, true, true, true, false, false, true> > >::Params)"",""void cutlass::device_kernel<flash::enable_sm90_or_later<flash::FlashAttnFwdSm90<flash::CollectiveMainloopFwdSm90<2, cute::tuple<cute::C<1>, cute::C<1>, cute::C<1> >, cute::tuple<cute::C<128>, cute::C<80>, cute::C<256> >, 256, cutlass::bfloat16_t, float, cutlass::arch::Sm90, true, false, false, true, true, false, false, true, true, true, false, false, cutlass::bfloat16_t, 8>, flash::CollectiveEpilogueFwd<cute::tuple<cute::C<128>, cute::C<256>, cute::C<80> >, cute::tuple<cute::C<1>, cute::C<1>, cute::C<1> >, cutlass::bfloat16_t, cutlass::arch::Sm90, 256, true, true, false, false, 8>, flash::VarlenDynamicPersistentTileScheduler<128, 80, 256, 128, false, true, true, true, false, true> > > >(flash::enable_sm90_or_later<flash::FlashAttnFwdSm90<flash::CollectiveMainloopFwdSm90<2, cute::tuple<cute::C<1>, cute::C<1>, cute::C<1> >, cute::tuple<cute::C<128>, cute::C<80>, cute::C<256> >, 256, cutlass::bfloat16_t, float, cutlass::arch::Sm90, true, false, false, true, true, false, false, true, true, true, false, false, cutlass::bfloat16_t, 8>, flash::CollectiveEpilogueFwd<cute::tuple<cute::C<128>, cute::C<256>, cute::C<80> >, cute::tuple<cute::C<1>, cute::C<1>, cute::C<1> >, cutlass::bfloat16_t, cutlass::arch::Sm90, 256, true, true, false, false, 8>, flash::VarlenDynamicPersistentTileScheduler<128, 80, 256, 128, false, true, true, true, false, true> > >::Params)"",""void cutlass::device_kernel<flash::enable_sm90_or_later<flash::FlashAttnFwdSm90<flash::CollectiveMainloopFwdSm90<2, cute::tuple<cute::C<1>, cute::C<1>, cute::C<1> >, cute::tuple<cute::C<128>, cute::C<80>, cute::C<256> >, 256, cutlass::bfloat16_t, float, cutlass::arch::Sm90, true, false, false, true, true, false, false, true, true, true, true, false, cutlass::bfloat16_t, 1>, flash::CollectiveEpilogueFwd<cute::tuple<cute::C<128>, cute::C<256>, cute::C<80> >, cute::tuple<cute::C<1>, cute::C<1>, cute::C<1> >, cutlass::bfloat16_t, cutlass::arch::Sm90, 256, true, true, true, false, 1>, flash::VarlenDynamicPersistentTileScheduler<128, 80, 256, 128, true, true, true, true, false, true> > > >(flash::enable_sm90_or_later<flash::FlashAttnFwdSm90<flash::CollectiveMainloopFwdSm90<2, cute::tuple<cute::C<1>, cute::C<1>, cute::C<1> >, cute::tuple<cute::C<128>, cute::C<80>, cute::C<256> >, 256, cutlass::bfloat16_t, float, cutlass::arch::Sm90, true, false, false, true, true, false, false, true, true, true, true, false, cutlass::bfloat16_t, 1>, flash::CollectiveEpilogueFwd<cute::tuple<cute::C<128>, cute::C<256>, cute::C<80> >, cute::tuple<cute::C<1>, cute::C<1>, cute::C<1> >, cutlass::bfloat16_t, cutlass::arch::Sm90, 256, true, true, true, false, 1>, flash::VarlenDynamicPersistentTileScheduler<128, 80, 256, 128, true, true, true, true, false, true> > >::Params)"",""void cutlass::device_kernel<flat::kernel::FlatKernelTmaWarpSpecializedDeltaRule<flat::collective::FlatMainloopTmaWarpSpecializedDeltaRule<cutlass::bfloat16_t, float, float, cute::tuple<cute::C<64>, cute::C<64>, cute::C<128> >, cute::tuple<long, cute::C<1>, int>, cute::tuple<long, cute::C<1>, int>, cute::tuple<long, cute::C<1>, int>, cute::tuple<long, cute::C<1>, int>, std::tuple<flat::kernel::Option<(flat::kernel::Tag)1, cute::C<true> >, flat::kernel::Option<(flat::kernel::Tag)11, cute::C<true> >, flat::kernel::Option<(flat::kernel::Tag)10, cute::C<true> >, flat::kernel::Option<(flat::kernel::Tag)9, cute::C<true> >, flat::kernel::Option<(flat::kernel::Tag)12, cute::C<true> >, flat::kernel::Option<(flat::kernel::Tag)13, cute::C<false> > > >, flat::kernel::IndividualTileScheduler<flat::kernel::GVATag>, std::tuple<flat::kernel::Option<(flat::kernel::Tag)1, cute::C<true> >, flat::kernel::Option<(flat::kernel::Tag)11, cute::C<true> >, flat::kernel::Option<(flat::kernel::Tag)10, cute::C<true> >, flat::kernel::Option<(flat::kernel::Tag)9, cute::C<true> >, flat::kernel::Option<(flat::kernel::Tag)12, cute::C<true> >, flat::kernel::Option<(flat::kernel::Tag)13, cute::C<false> > > > >(flat::kernel::FlatKernelTmaWarpSpecializedDeltaRule<flat::collective::FlatMainloopTmaWarpSpecializedDeltaRule<cutlass::bfloat16_t, float, float, cute::tuple<cute::C<64>, cute::C<64>, cute::C<128> >, cute::tuple<long, cute::C<1>, int>, cute::tuple<long, cute::C<1>, int>, cute::tuple<long, cute::C<1>, int>, cute::tuple<long, cute::C<1>, int>, std::tuple<flat::kernel::Option<(flat::kernel::Tag)1, cute::C<true> >, flat::kernel::Option<(flat::kernel::Tag)11, cute::C<true> >, flat::kernel::Option<(flat::kernel::Tag)10, cute::C<true> >, flat::kernel::Option<(flat::kernel::Tag)9, cute::C<true> >, flat::kernel::Option<(flat::kernel::Tag)12, cute::C<true> >, flat::kernel::Option<(flat::kernel::Tag)13, cute::C<false> > > >, flat::kernel::IndividualTileScheduler<flat::kernel::GVATag>, std::tuple<flat::kernel::Option<(flat::kernel::Tag)1, cute::C<true> >, flat::kernel::Option<(flat::kernel::Tag)11, cute::C<true> >, flat::kernel::Option<(flat::kernel::Tag)10, cute::C<true> >, flat::kernel::Option<(flat::kernel::Tag)9, cute::C<true> >, flat::kernel::Option<(flat::kernel::Tag)12, cute::C<true> >, flat::kernel::Option<(flat::kernel::Tag)13, cute::C<false> > > >::Params)""]","[21, 22, 23, 24, 25, 26, 30, 31, 32, 33, 34, 35, 36, 37, 38, 39, 40, 41, 42, 43, 44, 45, 46, 47, 48, 49, 50, 51, 52, 53, 54, 55, 56, 57, 58, 59, 60, 61, 62, 65]",no,none,no auditable FlagOS evidence
48,"[""null""]","[""unattributed""]","[""void dot_kernel<float, 128, 0, cublasDotParams<cublasGemvTensorStridedBatched<__nv_bfloat16 const>, cublasGemvTensorStridedBatched<float> > >(cublasDotParams<cublasGemvTensorStridedBatched<__nv_bfloat16 const>, cublasGemvTensorStridedBatched<float> >)""]","[21, 22, 23, 24, 25, 26, 30, 31, 32, 33, 34, 35, 36, 37, 38, 39, 41, 42, 43, 45, 46, 48, 49, 51, 52, 53, 54, 55, 56, 57, 58, 59, 60, 61, 62, 65]",no,none,no auditable FlagOS evidence
49,"[""_vllm_fa3_C::get_scheduler_metadata""]","[""custom""]","[""void flash::prepare_varlen_num_blocks_kernel<1, false>(int, int, int, int const*, int const*, int const*, int const*, int const*, int const*, int, int, int, int, int, cutlass::FastDivmod, cutlass::FastDivmod, int*, int*, int*, int*, int*, bool, bool, bool, int)"",""void flash::prepare_varlen_num_blocks_kernel<2, false>(int, int, int, int const*, int const*, int const*, int const*, int const*, int const*, int, int, int, int, int, cutlass::FastDivmod, cutlass::FastDivmod, int*, int*, int*, int*, int*, bool, bool, bool, int)"",""void flash::prepare_varlen_num_blocks_kernel<4, false>(int, int, int, int const*, int const*, int const*, int const*, int const*, int const*, int, int, int, int, int, cutlass::FastDivmod, cutlass::FastDivmod, int*, int*, int*, int*, int*, bool, bool, bool, int)""]",[],no,none,no auditable FlagOS evidence
50,"[""null"",""vllm::moe_forward_shared""]","[""custom"",""unattributed""]","[""fused_moe_kernel""]","[21, 22, 23, 24, 25, 26, 30, 31, 32, 33, 34, 35, 36, 37, 38, 39, 41, 42, 43, 45, 46, 48, 49, 51, 52, 53, 54, 55, 56, 57, 58, 59, 60, 61, 62, 65]",yes,flaggems,flaggems fused mapping: vllm::moe_forward_shared
51,"[""null""]","[""unattributed""]","[""fused_recurrent_gated_delta_rule_packed_decode_kernel""]","[21, 22, 23, 24, 25, 26, 30, 31, 32, 33, 34, 35, 36, 37, 38, 39, 41, 42, 43, 45, 46, 48, 49, 51, 52, 53, 54, 55, 56, 57, 58, 59, 60, 61, 62, 65]",no,none,no auditable FlagOS evidence
52,"[""vllm::qwen_gdn_attention_core""]","[""custom""]","[""fused_sigmoid_gating_delta_rule_update_kernel""]","[40, 44, 47, 50]",no,none,no auditable FlagOS evidence
53,"[""null""]","[""unattributed""]","[""memcpy32_post""]","[21, 22, 23, 24, 25, 26, 30, 31, 32, 33, 34, 35, 36, 37, 38, 39, 41, 42, 43, 45, 46, 48, 49, 51, 52, 53, 54, 55, 56, 57, 58, 59, 60, 61, 62, 65]",no,none,no auditable FlagOS evidence
54,"[""null""]","[""unattributed""]","[""nvjet_tst_64x16_64x16_4x1_v_bz_TNT""]","[21, 22, 23, 24, 25, 26, 30, 31, 32, 33, 34, 35, 36, 37, 38, 39, 41, 42, 43, 45, 46, 48, 49, 51, 52, 53, 54, 55, 56, 57, 58, 59, 60, 61, 62, 65]",no,none,no auditable FlagOS evidence
55,"[""null""]","[""unattributed""]","[""nvjet_tst_64x16_64x16_4x2_h_bz_TNT""]","[21, 22, 23, 24, 25, 26, 30, 31, 32, 33, 34, 35, 36, 37, 38, 39, 41, 42, 43, 45, 46, 48, 49, 51, 52, 53, 54, 55, 56, 57, 58, 59, 60, 61, 62, 65]",no,none,no auditable FlagOS evidence
56,"[""null""]","[""unattributed""]","[""nvjet_tst_64x32_64x16_4x1_v_bz_TNT""]","[21, 22, 23, 24, 25, 26, 30, 31, 32, 33, 34, 35, 36, 37, 38, 39, 41, 42, 43, 45, 46, 48, 49, 51, 52, 53, 54, 55, 56, 57, 58, 59, 60, 61, 62, 65]",no,none,no auditable FlagOS evidence
57,"[""null""]","[""unattributed""]","[""nvjet_tst_64x32_64x16_4x2_h_bz_TNT""]","[21, 22, 23, 24, 25, 26, 30, 31, 32, 33, 34, 35, 36, 37, 38, 39, 41, 42, 43, 45, 46, 48, 49, 51, 52, 53, 54, 55, 56, 57, 58, 59, 60, 61, 62, 65]",no,none,no auditable FlagOS evidence
58,"[""null""]","[""unattributed""]","[""nvjet_tst_64x64_64x13_4x1_v_bz_TNT""]","[21, 22, 23, 24, 25, 26, 30, 31, 32, 33, 34, 35, 36, 37, 38, 39, 41, 42, 43, 45, 46, 48, 49, 51, 52, 53, 54, 55, 56, 57, 58, 59, 60, 61, 62, 65]",no,none,no auditable FlagOS evidence
59,"[""null""]","[""unattributed""]","[""nvjet_tst_64x8_64x16_1x1_h_bz_TNT""]","[21, 22, 23, 24, 25, 26, 30, 31, 32, 33, 34, 35, 36, 37, 38, 39, 41, 42, 43, 45, 46, 48, 49, 51, 52, 53, 54, 55, 56, 57, 58, 59, 60, 61, 62, 65]",no,none,no auditable FlagOS evidence
60,"[""null""]","[""unattributed""]","[""nvjet_tst_64x8_64x16_1x2_h_bz_TNT""]","[21, 22, 23, 24, 25, 26, 30, 31, 32, 33, 34, 35, 36, 37, 38, 39, 41, 42, 43, 45, 46, 48, 49, 51, 52, 53, 54, 55, 56, 57, 58, 59, 60, 61, 62, 65]",no,none,no auditable FlagOS evidence
61,"[""null""]","[""unattributed""]","[""nvjet_tst_64x8_64x16_1x4_h_bz_TNT""]","[21, 22, 23, 24, 25, 26, 30, 31, 32, 33, 34, 35, 36, 37, 38, 39, 41, 42, 43, 45, 46, 48, 49, 51, 52, 53, 54, 55, 56, 57, 58, 59, 60, 61, 62, 65]",no,none,no auditable FlagOS evidence
62,"[""null""]","[""unattributed""]","[""nvjet_tst_64x8_64x16_2x4_h_bz_TNT""]","[21, 22, 23, 24, 25, 26, 30, 31, 32, 33, 34, 35, 36, 37, 38, 39, 41, 42, 43, 45, 46, 48, 49, 51, 52, 53, 54, 55, 56, 57, 58, 59, 60, 61, 62, 65]",no,none,no auditable FlagOS evidence
63,"[""null""]","[""unattributed""]","[""nvjet_tst_64x8_64x16_4x1_v_bz_TNT""]","[21, 22, 23, 24, 25, 26, 30, 31, 32, 33, 34, 35, 36, 37, 38, 39, 41, 42, 43, 45, 46, 48, 49, 51, 52, 53, 54, 55, 56, 57, 58, 59, 60, 61, 62, 65]",no,none,no auditable FlagOS evidence
64,"[""null""]","[""unattributed""]","[""nvjet_tst_64x8_64x16_4x2_h_bz_TNT""]","[21, 22, 23, 24, 25, 26, 30, 31, 32, 33, 34, 35, 36, 37, 38, 39, 41, 42, 43, 45, 46, 48, 49, 51, 52, 53, 54, 55, 56, 57, 58, 59, 60, 61, 62, 65]",no,none,no auditable FlagOS evidence
65,"[""null""]","[""unattributed""]","[""nvjet_tst_72x64_64x12_4x1_v_bz_TNN""]","[21, 22, 23, 24, 25, 26, 30, 31, 32, 33, 34, 35, 36, 37, 38, 39, 41, 42, 43, 45, 46, 48, 49, 51, 52, 53, 54, 55, 56, 57, 58, 59, 60, 61, 62, 65]",no,none,no auditable FlagOS evidence
66,"[""null""]","[""unattributed""]","[""nvjet_tst_8x64_64x16_4x1_v_bz_TNN""]","[21, 22, 23, 24, 25, 26, 30, 31, 32, 33, 34, 35, 36, 37, 38, 39, 41, 42, 43, 45, 46, 48, 49, 51, 52, 53, 54, 55, 56, 57, 58, 59, 60, 61, 62, 65]",no,none,no auditable FlagOS evidence
67,"[""null""]","[""unattributed""]","[""void reduce_1Block_kernel<float, 128, 7, cublasGemvTensorStridedBatched<float>, cublasGemvTensorStridedBatched<__nv_bfloat16 const>, cublasGemvTensorStridedBatched<__nv_bfloat16> >(float const*, float, cublasGemvTensorStridedBatched<float>, int, float const*, float, cublasGemvTensorStridedBatched<__nv_bfloat16 const>, cublasGemvTensorStridedBatched<__nv_bfloat16>, cublasPointerMode_t, cublasLtEpilogue_t, cublasGemvTensorStridedBatched<biasType<cublasGemvTensorStridedBatched<__nv_bfloat16>::value_type, float>::type const>)""]","[21, 22, 23, 24, 25, 26, 30, 31, 32, 33, 34, 35, 36, 37, 38, 39, 41, 42, 43, 45, 46, 48, 49, 51, 52, 53, 54, 55, 56, 57, 58, 59, 60, 61, 62, 65]",no,none,no auditable FlagOS evidence
68,"[""_C::silu_and_mul"",""null""]","[""custom"",""unattributed""]","[""void vllm::act_and_mul_kernel<c10::BFloat16, __nv_bfloat162, &(c10::BFloat16 vllm::silu_kernel<c10::BFloat16>(c10::BFloat16 const&, float)), &(__nv_bfloat162 vllm::packed_silu_kernel<__nv_bfloat162>(__nv_bfloat162 const&, float)), true, true, false, false>(c10::BFloat16*, c10::BFloat16 const*, int, float, float, float)""]","[21, 22, 23, 24, 25, 26, 30, 31, 32, 33, 34, 35, 36, 37, 38, 39, 41, 42, 43, 45, 46, 48, 49, 51, 52, 53, 54, 55, 56, 57, 58, 59, 60, 61, 62, 65]",no,none,no auditable FlagOS evidence
69,"[""_moe_C::moe_align_block_size"",""null""]","[""custom"",""unattributed""]","[""void vllm::moe::count_and_sort_expert_tokens_kernel<int>(int const*, int*, int*, int*, unsigned long, int, int, int, bool)""]","[21, 22, 23, 24, 25, 26, 30, 31, 32, 33, 34, 35, 36, 37, 38, 39, 41, 42, 43, 45, 46, 48, 49, 51, 52, 53, 54, 55, 56, 57, 58, 59, 60, 61, 62, 65]",yes,flaggems,flaggems fused mapping: _moe_C::moe_align_block_size
70,"[""_moe_C::moe_align_block_size"",""null""]","[""custom"",""unattributed""]","[""void vllm::moe::moe_align_block_size_kernel<int>(int const*, int*, int*, int*, int*, int, int, int, int, unsigned long, int*, int, int, bool)""]","[21, 22, 23, 24, 25, 26, 30, 31, 32, 33, 34, 35, 36, 37, 38, 39, 41, 42, 43, 45, 46, 48, 49, 51, 52, 53, 54, 55, 56, 57, 58, 59, 60, 61, 62, 65]",yes,flaggems,flaggems fused mapping: _moe_C::moe_align_block_size
71,"[""_moe_C::topk_softmax"",""null""]","[""custom"",""unattributed""]","[""void vllm::moe::topkGating<8, 256, 4, 16, 32, int, __nv_bfloat16, (vllm::moe::ScoringFunc)0>(__nv_bfloat16 const*, bool const*, float*, int, int*, int*, int, int, int, bool, float const*)""]","[21, 22, 23, 24, 25, 26, 30, 31, 32, 33, 34, 35, 36, 37, 38, 39, 41, 42, 43, 45, 46, 48, 49, 51, 52, 53, 54, 55, 56, 57, 58, 59, 60, 61, 62, 65]",yes,flaggems,flaggems fused mapping: _moe_C::topk_softmax
72,"[""_C_cache_ops::reshape_and_cache_flash"",""null""]","[""custom"",""unattributed""]","[""void vllm::reshape_and_cache_flash_kernel<__nv_bfloat16, __nv_bfloat16, (vllm::Fp8KVCacheDataType)0>(__nv_bfloat16 const*, __nv_bfloat16 const*, __nv_bfloat16*, __nv_bfloat16*, long const*, long, long, long, long, long, int, int, int, float const*, float const*, int)""]","[21, 22, 23, 24, 25, 26, 30, 31, 32, 33, 34, 35, 36, 37, 38, 39, 41, 42, 43, 45, 46, 48, 49, 51, 52, 53, 54, 55, 56, 57, 58, 59, 60, 61, 62, 65]",no,none,no auditable FlagOS evidence
73,"[""symm_mem::two_shot_all_reduce_""]","[""communication""]","[""void (anonymous namespace)::two_shot_all_reduce_kernel_inplace<c10::BFloat16, 16, 2>(c10::BFloat16**, unsigned long, unsigned long, unsigned int**, unsigned long, unsigned long)""]",[63],no,none,communication is in the denominator; no FlagCX evidence
74,"[""record_param_comms""]","[""communication""]","[""ncclDevKernel_AllGather_RING_LL(ncclDevKernelArgsStorage<4096ul>)""]",[64],no,none,communication is in the denominator; no FlagCX evidence
75,"[""_C_custom_ar::all_reduce"",""null""]","[""communication""]","[""void vllm::cross_device_reduce_1stage<__nv_bfloat16, 2>(vllm::RankData*, vllm::RankSignals, vllm::Signal*, __nv_bfloat16*, int, int)""]","[21, 22, 23, 24, 25, 26, 30, 31, 32, 33, 34, 35, 36, 37, 38, 39, 41, 42, 43, 45, 46, 48, 49, 51, 52, 53, 54, 55, 56, 57, 58, 59, 60, 61, 62, 65]",no,none,communication is in the denominator; no FlagCX evidence
